Name,Price
Jordan 11 Retro Cherry (2022),$266
Nike Air Force 1 Low Drake NOCTA Certified Lover Boy,$184
Jordan 1 Retro High OG Chicago Lost and Found,$325
Jordan 4 Retro Midnight Navy,$275
Jordan 4 Retro A Ma Maniére Violet Ore,$297
New Balance 550 White Green,$168
Jordan 7 Retro Trophy Room New Sheriff in Town,$174
Nike Dunk Low Retro White Black Panda (2021),$176
Nike Dunk Low Retro White Black Panda (2021) (W),$183
Jordan 11 Retro Cherry (2022) (GS),$170
Nike Dunk Low Retro White Black Panda (2021) (GS),$148
adidas Forum Buckle Low Bad Bunny Last Forum,$200
UGG Classic Ultra Mini Chestnut (W),$172
Nike Air Force 1 Low '07 White,$89
adidas Yeezy Slide Bone (2022 Restock),$163
UGG Tasman Slipper Chestnut (W),$135
Nike Dunk Low Mineral Slate Armory Navy,$132
Nike Dunk High Panda (2021) (W),$130
adidas Yeezy Slide Onyx,$132
Jordan 11 Retro Cherry (2022) (TD),$92
Jordan 6 Retro Chrome Metallic Silver,$205
Jordan 11 Retro Cherry (2022) (PS),$109
Jordan 1 Mid Light Smoke Grey,$175
Nike Dunk Low QS LeBron James Fruity Pebbles,$140
adidas Yeezy Slide Flax,$88
Nike Dunk Low Retro QS Argon (2022),$149
Nike Dunk Low Retro White Grey,$133
UGG Disquette Slipper Chestnut (W),$129
UGG Tasman Slipper Chestnut,$114
Crocs Pollex Clog by Salehe Bembury Sasquatch,$97
UGG Tasman Slipper Black (W),$118
Nike Dunk High Black White (2021),$120
adidas Yeezy Slide Resin (2022),$89
Jordan 9 Retro Fire Red,$190
Nike Dunk Low SP Kentucky (2020/2022),$200
Nike Dunk Low Peach Cream (W),$128
Nike Dunk Low Retro Miami Hurricanes,$106
Jordan 4 Retro Military Black,$268
Nike SB Dunk Low Pro Why So Sad?,$201
Jordan 3 Retro Fire Red (2022),$189
Nike Dunk Low Retro White Black Panda (2021) (PS),$83
Nike Dunk Low Triple Pink (GS),$165
Nike Dunk Low USC,$159
Jordan 1 Mid White Black Red (2022),$99
Jordan 1 Low Aluminum (W),$135
New Balance 550 White Grey,$96
adidas Yeezy Foam RNR Onyx,$235
Nike SB Dunk Low Sandy Bodecker,$234
UGG Tasman II Slipper Chesnut (Kids),$75
Nike Dunk Low SE Lottery Pack Grey Fog,$187
Jordan 12 Retro Black Taxi,$185
Jordan 11 Retro Cool Grey (2021),$225
Jordan 1 Mid Ice Blue (GS),$117
Jordan 1 Mid Stealth (W),$125
Jordan 1 Retro High OG Patent Bred,$202
Nike Dunk Low Rose Whisper (W),$160
Jordan 4 Retro SE Black Canvas,$333
Jordan 5 Retro DJ Khaled We The Best Crimson Bliss,$185
Jordan 1 High OG Denim (W),$166
Nike Air Force 1 Low Supreme White,$148
adidas Yeezy Boost 350 V2 Bone,$259
Jordan 4 Retro Canyon Purple (W),$170
Jordan 1 Retro High OG Taxi,$172
Nike Dunk Low SE Lottery Pack Malachite Green,$157
Nike Dunk Low Retro Coconut Milk (W),$107
Nike Dunk Low Medium Olive (W),$177
UGG Tazz Slipper Chestnut (W),$192
UGG Classic Ultra Mini Platform Chestnut (W),$203
Nike Zoom Cortez SP sacai Iron Grey,$200
Jordan 4 Retro Infrared,$264
Nike Air Force 1 Low LXX Vachetta Tan Flax (W),$137
Jordan 1 Retro High OG Starfish (W),$124
Jordan 1 Retro High OG Chicago Lost and Found (GS),$179
Jordan 4 Retro Military Black (GS),$199
New Balance 530 White Silver Navy,$83
Jordan 1 Retro High OG Bleached Coral,$228
Jordan 1 Retro Low OG Zion Williamson Voodoo,$226
adidas Forum Low The Grinch,$124
Jordan 1 Mid Split Black White (W),$136
Nike SB Dunk Low Concepts Orange Lobster,$390
Jordan 11 Retro Cherry (2022),$266
Nike Air Force 1 Low Drake NOCTA Certified Lover Boy,$184
Jordan 1 Retro High OG Chicago Lost and Found,$325
Jordan 4 Retro Midnight Navy,$275
Jordan 4 Retro A Ma Maniére Violet Ore,$297
New Balance 550 White Green,$168
Jordan 7 Retro Trophy Room New Sheriff in Town,$174
Nike Dunk Low Retro White Black Panda (2021),$176
Nike Dunk Low Retro White Black Panda (2021) (W),$183
Jordan 11 Retro Cherry (2022) (GS),$170
Nike Dunk Low Retro White Black Panda (2021) (GS),$148
adidas Forum Buckle Low Bad Bunny Last Forum,$200
UGG Classic Ultra Mini Chestnut (W),$172
Nike Air Force 1 Low '07 White,$89
adidas Yeezy Slide Bone (2022 Restock),$163
UGG Tasman Slipper Chestnut (W),$135
Nike Dunk Low Mineral Slate Armory Navy,$132
Nike Dunk High Panda (2021) (W),$130
adidas Yeezy Slide Onyx,$132
Jordan 11 Retro Cherry (2022) (TD),$92
Jordan 6 Retro Chrome Metallic Silver,$205
Jordan 11 Retro Cherry (2022) (PS),$109
Jordan 1 Mid Light Smoke Grey,$175
Nike Dunk Low QS LeBron James Fruity Pebbles,$140
adidas Yeezy Slide Flax,$88
Nike Dunk Low Retro QS Argon (2022),$149
Nike Dunk Low Retro White Grey,$133
UGG Disquette Slipper Chestnut (W),$129
UGG Tasman Slipper Chestnut,$114
Crocs Pollex Clog by Salehe Bembury Sasquatch,$97
UGG Tasman Slipper Black (W),$118
Nike Dunk High Black White (2021),$120
adidas Yeezy Slide Resin (2022),$89
Jordan 9 Retro Fire Red,$190
Nike Dunk Low SP Kentucky (2020/2022),$200
Nike Dunk Low Peach Cream (W),$128
Nike Dunk Low Retro Miami Hurricanes,$106
Jordan 4 Retro Military Black,$268
Nike SB Dunk Low Pro Why So Sad?,$201
Jordan 3 Retro Fire Red (2022),$189
Nike Dunk Low UCLA,$135
UGG Classic Mini II Boot Chestnut (W),$171
adidas Yeezy Boost 350 V2 Slate,$254
adidas Yeezy Boost 350 V2 Zebra,$295
Nike Court Legacy Lift White Black (W),$80
Jordan 1 Retro Low OG SP Travis Scott Black Phantom,$940
UGG Classic Ultra Mini Antilope (W),$162
Jordan 4 Retro Midnight Navy (GS),$165
UGG Tasman Slipper Goat (W),$124
Jordan 1 Low SE Sail Rattan University Red,$134
Jordan 4 Retro Red Thunder,$312
Jordan 1 Low Bred Toe,$129
Nike Air Force 1 Low '07 Black Black,$112
Nike SB Dunk Low HUF San Francisco,$157
Nike Dunk Low Next Nature White Mint (W),$126
Nike Dunk Low Bone Beige (W),$180
NikeCraft General Purpose Shoe Tom Sachs,$198
Nike Air Force 1 Low Supreme Black,$155
Nike Dunk Low Next Nature White Black Panda (W),$180
Converse Chuck Taylor All-Star 70 Hi Comme des Garcons PLAY Black,$130
Nike Dunk Low SP Syracuse (2020/2022),$221
Jordan 1 Low Shadow Toe,$141
Nike Dunk Low SE Fleece Pack Honeydew (W),$130
New Balance 550 Cream Black,$133
adidas Yeezy Boost 350 V2 Beluga Reflective,$245
Jordan 1 Retro High OG Gorge Green,$170
Nike Dunk Low Coconut Milk,$148
Jordan 11 Retro Low 72-10,$120
Nike Dunk Low Retro White Black Panda (2021) (TD),$68
adidas Yeezy Slide Glow Green (2022) (Restock),$90
Nike Dunk Low Valerian Blue,$200
Jordan 1 Retro High OG Dark Marina Blue,$160
Jordan 11 Retro Midnight Navy (W),$178
adidas Yeezy Slide Pure (Restock Pair),$157
Nike SB Dunk Low Pro QS Neckface,$149
New Balance 550 White Black,$119
Nike Dunk Low Teddy Bear (W),$129
NikeCraft General Purpose Shoe Tom Sachs Archive Dark Sulfur,$84
New Balance 2002R Protection Pack Rain Cloud,$222
UGG Tasman Slipper Burnt Olive (W),$135
Nike Dunk Low Next Nature Phantom (W),$93
Nike Dunk Low Arizona State,$104
Nike Dunk Low Gorge Green,$125
Nike Blazer Mid 77 Vintage White Black,$76
Nike Dunk Low Retro Red Swoosh Panda,$140
Nike Dunk Low Venice (W),$190
adidas Samba OG Cloud White Core Black,$90
Birkenstock Boston Soft Footbed Suede Taupe,$159
Nike Dunk High Blue Chill,$123
Jordan 11 Retro Low Pure Violet (W),$111
Converse Chuck Taylor All-Star 70 Hi Comme des Garcons PLAY White,$118
Nike KD 15 Aunt Pearl,$139
Crocs Pollex Clog by Salehe Bembury Kuwata,$76
Jordan 1 Mid Diamond Shorts,$145
Jordan 1 Mid Light Smoke Grey Anthracite,$145
Jordan 3 Retro Dark Iris,$201
Jordan 4 Retro Lightning (2021),$285
adidas Yeezy Boost 350 V2 Salt,$234
Nike Dunk Low Halloween (2022) (GS),$87
Jordan 4 Retro Infrared (GS),$171
Jordan 1 Mid Armory Navy,$114
adidas Campus 80s South Park Towelie,$117
Jordan 1 Retro High OG Heritage,$134
Nike Air Force 1 Low Billie Eilish Mushroom,$185
Nike Air Force 1 Low '07 White (W),$84
Jordan 12 Retro Stealth,$178
Nike Dunk Low Safari Mix (W),$118
adidas Yeezy 700 V3 Azael,$245
Nike Dunk Low Light Smoke Grey (W),$146
Jordan 3 Retro Fire Red (2022) (GS),$125
Nike Dunk Low Premium Vast Grey,$149
Nike Dunk Low Racer Blue White,$131
Jordan 1 Retro High White University Blue Black,$370
Jordan 1 Retro High OG Atmosphere (W),$185
UGG Classic Ultra Mini Chestnut,$140
Jordan 1 Retro Low Golf Wolf Grey,$135
Jordan 6 Retro Georgetown (2022),$193
New Balance 2002R Protection Pack Mirage Grey,$130
adidas Yeezy Boost 700 Wave Runner,$350
Jordan 1 Retro Low OG Black Dark Powder Blue,$124
adidas Yeezy Boost 700 Wave Runner,$350
Nike Air Max 1 Travis Scott Cactus Jack Wheat Lemon Drop,$547
Jordan 1 Low White Bordeaux,$99
Jordan 1 Retro High OG Heirloom,$124
Nike Dunk Low Dark Driftwood (W),$125
Jordan 9 Retro Fire Red (GS),$157
Jordan 1 Mid SE Craft Inside Out White Grey,$140
UGG Classic Ultra Mini Black (W),$124
adidas Yeezy Boost 350 V2 Onyx,$320
Jordan 1 Retro High OG Chicago Lost and Found (PS),$101
Nike Dunk Low Light Iron Ore (W),$128
UGG Classic Ultra Mini Brown Driftwood (W),$138
Jordan 1 Mid Diamond Shorts (GS),$133
Jordan 5 Retro Green Bean (2022),$153
Crocs Classic Clog Lightning McQueen,$190
Jordan 1 Mid Linen,$159
Jordan 1 Low SE Homage Split White Black (W),$107
Nike Dunk Low Foam Finger,$145
adidas Yeezy Boost 350 V2 Black Red (2017/2020),$310
UGG Tasman Slipper Black,$103
Jordan 1 Mid Shadow Red,$152
Jordan 1 Retro High OG Brotherhood,$119
Crocs Classic Cozzzy Sandal SZA Denim,$140
Jordan 4 Retro Black Canvas (GS),$220
New Balance 2002R Protection Pack Light Arctic Grey Purple,$156
Jordan 5 Retro Racer Blue,$228
Jordan 1 Retro High OG Stealth,$136
Nike Dunk Low Wolf Grey Pure Platinum,$198
Nike Dunk Low EMB NBA 75th Anniversary Chicago,$158
adidas Samba Black White Gum,$98
New Balance 550 Vintage Indigo Beige,$147
adidas Yeezy Foam RNNR Sand,$210
Jordan 11 Retro Jubilee 25th Anniversary,$285
Nike Dunk Low Chenille Swoosh Black Grey,$136
Nike Dunk Low Velvet Teal (W),$132
Nike Dunk Low Retro Reverse Panda,$173
Nike Dunk Low Championship Court Purple,$186
Nike Blazer Mid 77 White Black (W),$70
Nike Dunk Low Two Tone Grey,$208
Jordan 5 Retro DJ Khaled We The Best Sail,$210
Nike Dunk Low SE Teddy Bear Parline,$123
Jordan 1 Low Shadow Toe (GS),$134
Nike Dunk Low Judge Grey,$172
Nike Air Force 1 Low SP Supreme Wheat,$166
adidas Yeezy Boost 350 V2 Core Black Red (2016/2022),$289
Jordan 1 Low Inside Out White Phantom,$135
Jordan 3 Retro Cardinal Red,$227
Nike Dunk Low Retro PRM Halloween (2022),$110
Jordan 1 Mid Alternate Bred Toe (W),$95
Nike Dunk Low Chlorophyll,$130
Nike PG 6 Hot Wheels,$120
adidas Yeezy Slide Ochre,$94
Nike SB Dunk Low Los Angeles Dodgers,$279
Nike Air Max Terrascape Plus Black Anthracite,$113
Nike Dunk Low Team Red (2022),$175
Jordan 1 Mid Light Smoke Grey (W),$150
Jordan 1 Retro High Dark Mocha,$431
Nike Dunk Low Triple Pink (PS),$90
Nike Air VaporMax 2021 FK White Black Metallic Silver,$100
New Balance 550 White Red,$90
Jordan 4 Retro Military Black (PS),$100
Crocs Pollex Clog by Salehe Bembury Tide,$80
adidas Yeezy Foam RNNR Stone Sage,$206
Jordan 1 Mid Coconut Milk (W),$113
Jordan 13 Retro French Blue,$147
Jordan 1 Retro High OG Rebellionaire,$154
Jordan 1 Mid Cherrywood Red,$91
Nike Dunk Low Two-Toned Grey (GS),$128
Jordan 6 Retro Midnight Navy (2022),$156
Nike Dunk Low Next Nature Sun Club Arctic Orange,$90
Jordan 6 Retro UNC White,$195
Nike Air Max Penny 1 All Star Black Metallic Silver,$119
Jordan 5 Retro Raging Bull Red (2021),$135
Jordan 4 Retro University Blue,$444
adidas Yeezy Boost 350 V2 Hyperspace,$210
Jordan 1 Low Bred Toe (GS),$89
Jordan 1 Low Bulls,$90
New Balance 550 Silver Birch (W),$128
Jordan 1 Low SE Craft Obsidian French Blue Ashen Slate White,$103
Nike Dunk Low Terry Swoosh (W),$132
Jordan 5 Retro Dark Concord,$158
Nike Air Max 97 OG Silver Bullet (2022),$123
Nike Air Force 1 Low Drake NOCTA Certified Lover Boy (Love You Forever Edition),$230
UGG Classic Ultra Mini Boot Sand (W),$146
UGG Tasman Slipper Dark Grey (W),$125
Jordan 1 Retro High OG Chicago Lost and Found (TD),$96
adidas Yeezy Boost 350 V2 Blue Tint,$251
Jordan 4 Retro Red Thunder (GS),$261
Jordan 3 Retro Pine Green,$225
Nike Dunk Low Harvest Moon (W),$187
Jordan 1 Retro High Shadow 2.0,$245
Jordan 3 Retro Desert Elephant,$180
Jordan 12 Retro Playoffs (2022),$161
adidas Yeezy Foam RNNR Sulfur,$198
New Balance 550 Salt and Pepper,$108
Nike Air Max 1 Sail Ironstone,$170
Jordan 1 Mid SE Light Mulberry (W),$100
Jordan 1 Retro High OG Taxi (GS),$118
New Balance 550 Aime Leon Dore White Leather,$148
Jordan 2 Retro J Balvin,$208
Jordan 1 Mid French Blue Fire Red,$157
UGG Classic Ultra Mini Platform Black (W),$159
Nike Air Force 1 Low 40th Anniversary Edition Split Black White,$121
adidas Yeezy Boost 350 V2 Dazzling Blue,$290
Jordan 4 Retro Zen Master,$199
Nike Dunk Low Ivory Hyper Royal (GS),$110
Jordan 7 Retro Cardinal (2022),$191
Jordan 1 Low Mocha,$218
Nike Air Max 97 Triple White Wolf Grey,$119
Jordan 1 Retro Low OG SP Travis Scott Reverse Mocha,$980
Crocs Classic Clog Cinnamon Toast Crunch,$110
Nike Dunk Low Magma Orange (W),$113
UGG Tasman II Slipper Black (Kids),$67
adidas Yeezy Boost 350 V2 Mono Ice,$270
Jordan 5 Retro Low CLOT Jade,$119
Jordan 1 Mid SE Light Iron Ore (W),$101
Jordan 1 Mid University Blue Grey,$200
Nike LeBron 20 Violet Frost,$185
Nike Dunk Low Retro Fleece Swoosh Worn Blue,$133
Jordan 11 Retro Cool Grey (2021) (GS),$194
Nike Dunk High Pink Prime (W),$177
adidas Yeezy 700 V3 Fade Salt,$160
New Balance 550 White Nightwatch Green,$109
Nike SB Dunk Low HUF New York City,$175
Jordan 4 Retro White Oreo (2021),$430
Nike Air Force 1 Mid Off-White Black,$157
Jordan 1 Retro High OG Varsity Red (W),$115
Nike Blazer Mid 77 Vintage Summit White Pink (W),$69
New Balance 2002R Protection Pack Pink,$198
Air Jordan 1 Mid Tartan Swoosh,$118
Nike Air Humara LX Jacquemus Pink Flash (W),$141
Jordan 1 Low Diamond Shorts,$131
Jordan 1 Mid SE Zen Master,$110
Jordan 1 Low Craft Inside Out Black,$123
Jordan 13 Retro SoleFly,$220
UGG Classic Mini Platform Boot Chestnut (W),$182
Nike Air VaporMax 2021 FK Black Anthracite,$118
Jordan 4 Retro Messy Room (GS),$125
UGG Classic Ultra Mini Boot Goat,$149
adidas Yeezy Boost 350 V2 Core Black White (2016/2022),$358
Nike Air VaporMax Plus Triple Black,$174
Nike Dunk Low Reverse Panda,$144
Nike Dunk Low Easter 2022 (W),$152
New Balance 550 White Rain Cloud (W),$122
Puma LaMelo Ball MB.01 Iridescent Dreams,$150
Jordan 1 Mid Lakers (2022),$117
Jordan 1 Retro High OG Hyper Royal,$256
Jordan 1 Mid Armory Navy (GS),$100
adidas Yeezy 500 Utility Black,$300
Nike Air Force 1 Low Billie Eilish Sequoia,$131
adidas Yeezy Boost 350 V2 MX Rock,$225
Nike Dunk Low Archeo Pink (W),$181
Nike Dunk Low Essential Paisley Pack Orange (W),$146
Nike Dunk Low SE World Champs Black White,$159
adidas Yeezy Boost 350 V2 Sesame,$270
Nike Dunk Low 3D Swoosh,$147
Nike Air Force 1 Low '07 White Black Pebbled Leather,$90
Jordan 1 High Element Gore-Tex Light Bone,$155
Jordan 1 Retro High Pollen,$117
Jordan 3 Retro Muslin,$224
Jordan 1 Low Black White Grey,$190
Nike Dunk Low Certified Fresh,$135
Nike Air Max 270 White Black,$101
Nike CPFM Flea 1 Cactus Plant Flea Market Overgrown Forest Green,$309
Nike Air Force 1 Low SP Undefeated Multi-Patent Pink Prime,$126
Jordan 1 Retro High OG Bordeaux,$140
Nike Dunk Low Midas Gold,$121
Nike Air Max 1 Travis Scott Cactus Jack Saturn Gold,$188
adidas Ultra Boost 4.0 DNA White,$105
UGG Tazz Slipper Black (W),$121
Jordan 13 Retro Court Purple,$182
Nike Air Force 1 Low Triple Red,$98
Jordan 11 Retro Playoffs Bred (2019),$320
Jordan 1 Retro High Light Smoke Grey,$220
New Balance 550 White Grey (GS),$95
Nike Hot Step Air Terra Drake NOCTA Black Yellow,$108
Jordan 5 Retro Gore-Tex Off-Noir (W),$155
adidas Yeezy Foam RNNR Ochre,$194
New Balance 550 UNC White University Blue,$147
Nike Dunk Low Triple White (2021) (W),$116
Nike Air Max Correlate Black White Grey,$87
Nike Air Max Plus Triple Black,$125
Air Jordan 1 Low Vintage Grey (GS),$107
Nike Dunk Low SE Jackpot (GS),$131
Jordan 1 Low Ice Blue Black (GS),$105
Jordan 1 Low SE Holiday Special (2022),$103
Jordan 4 Retro Lightning (2021) (GS),$195
adidas Samba Vegan White Gum,$86
Nike Air Max 1 Crepe Hemp (2022),$97
Nike Dunk Low Teal Zeal (W),$127
UGG Classic Ultra Mini Boot Burnt Olive (W),$129
Jordan 1 Retro High OG Patent Bred (GS),$169
Nike Dunk Low Union Passport Pack Argon,$224
Jordan 1 Mid Reverse Bred (2021),$101
New Balance 2002R Protection Pack Dark Navy,$153
Nike Air Max 90 Terrascape Sail Sea Glass,$93
Jordan 1 Retro High Court Purple White,$250
Nike Dunk Low Next Nature Homer Simpson (GS),$103
Jordan 1 Retro High OG A Ma Maniére,$220
Nike Dunk Low Michigan (2021),$184
Nike Dunk Low Michigan (2021),$184
Jordan 5 Retro Low PSG (2022),$176
UGG Neumel Boot Black,$109
Nike Dunk Low Disrupt 2 Phantom University Blue (W),$153
Jordan 4 Retro Fire Red (2020),$370
Jordan 7 Retro Citrus (2022),$174
Nike Killshot 2 J Crew Sail Midnight Navy,$59
Jordan 1 Low Eastside Golf Out of the Mud,$121
New Balance 993 MiUSA Grey,$163
New Balance 327 Black White Gum (W),$95
Jordan 9 Retro Chile Red,$209
Jordan 3 Retro Neapolitan Dark Mocha (W),$192
Jordan 6 Retro Chrome Metallic Silver (GS),$141
Nike Dunk Low Black White (2022),$129
Nike SB Dunk Low Philadelphia Phillies,$241
Jordan 1 Mid Mystic Navy Mint Foam,$118
Nike Hot Step Air Terra Drake NOCTA Triple Black,$116
"Timberland 6"" Premium Waterproof Boot Wheat",$130
adidas Yeezy 350 V2 CMPCT Slate Bone,$141
New Balance 9060 Black Castlerock Grey,$147
Nike Air Force 1 Low SP Undefeated Multi-Patent Total Orange,$136
Nike Dunk Low UNC (2021),$375
adidas Yeezy Boost 700 Analog,$260
Nike Zoom Cortez SP sacai White University Red Blue,$139
Jordan 1 Mid SE Elephant Print,$131
Nike Air Max 270 White Black (W),$109
UGG Tazz Slipper Burnt Olive (W),$118
adidas Yeezy 700 V3 Dark Glow,$303
Jordan 1 Retro High OG Visionaire,$115
Jordan 4 Retro University Blue (GS),$270
Nike Dunk Low Disrupt 2 Panda (W),$140
Jordan 1 Low OG EX Black Smoke Grey,$135
New Balance 550 White Pink (W),$117
Jordan 1 High Zoom Air CMFT Crater Purple,$128
Nike Dunk Low Pink Oxford (W),$110
adidas Samba Vegan Black Gum,$75
Nike Air Force 1 Low '07 LV8 40th Anniversary White Black,$104
Nike Dunk Low Fossil Rose,$149
Jordan 1 Mid UNC (2022) (W),$128
Jordan 3 Retro Dark Iris (GS),$133
New Balance 550 White Black Rain Cloud,$136
UGG Classic Ultra Mini Boot Burnt Cedar (W),$159
Jordan 1 Mid Sonics (2021),$125
Jordan 1 Retro High OG Dark Marina Blue (GS),$103
Jordan 11 Retro Low Legend Blue,$243
Nike Air Force 1 Mid Off-White White,$118
Nike Air Force 1 Low LE Triple White (GS),$69
Jordan 1 Retro High Royal Toe,$245
New Balance 550 Aime Leon Dore Grey Suede,$140
Jordan 1 Mid Rookie Season (GS),$84
Jordan 1 Low OG Bleached Coral,$124
Nike KD 14 Aunt Pearl,$175
Jordan 1 Mid Edge Glow (GS),$118
Nike Dunk High Australia,$141
Crocs Pollex Clog by Salehe Bembury Cobbler,$90
Nike Vaporwaffle sacai Sail Gum,$252
Jordan 6 Retro Carmine (2021),$185
Jordan 1 Retro High Element Gore-Tex Black Particle Grey,$165
New Balance 530 Steel Grey,$94
Nike Dunk Low Disrupt 2 Pale Ivory (W),$140
Jordan 1 Mid Washed Teal (W),$117
Jordan 3 Retro Winterized Archaeo Brown,$142
Nike Air Max 95 Dark Beetroot,$131
Jordan 3 Retro Black Cement Gold (W),$99
Nike Lebron 20 The Debut,$188
New Balance 574 Nimbus Cloud White (W),$79
Jordan 1 Retro High OG Hand Crafted,$153
Jordan 12 Retro Royalty Taxi,$194
adidas Yeezy Boost 350 V2 Zyon,$210
Nike Dunk Low Next Nature Lilac (W),$200
adidas Yeezy Boost 350 V2 Flax,$175
Nike SB Dunk Low Pro Be True Xavier Schipani,$115
adidas Yeezy Boost 350 V2 Light,$250
Jordan 1 Mid Triple White 2.0 (2020),$103
Jordan 4 Retro Blank Canvas (W),$255
adidas Yeezy 450 Utility Black,$240
Nike SB Dunk Low Skate Like a Girl,$185
Jordan 1 Retro High Silver Toe (W),$164
Nike Dunk High PRM Vintage Pecan Sail,$106
Jordan 4 Retro Midnight Navy (PS),$82
Nike Air Force 1 Low '07 LV8 40th Anniversary Sail Malachite,$107
Nike SB Dunk Low Concepts Orange Lobster (Special Box),$744
Nike Dunk High Championship White Red,$128
Jordan 1 Retro High OG Bleached Coral (GS),$179
Nike Air Force 1 Low Flax (2019/2022),$99
Jordan 4 Retro Taupe Haze,$379
Converse Chuck Taylor All-Star 70s Hi Comme des Garcons PLAY Grey,$125
Nike Epic Phantom React Flyknit Wolf Grey,$80
UGG Classic Mini II Boot Goat (W),$165
Jordan 1 Low Bordeaux (GS),$92
Nike Air Max 1 Travis Scott Cactus Jack Baroque Brown,$300
Jordan 1 Retro Low Golf Shadow,$113
adidas Yeezy Boost 350 V2 Mono Cinder,$126
Nike Dunk Low Michigan State,$350
Nike Air Max 2017 Triple Black,$104
Jordan 1 Mid SE Zen Master (GS),$125
Jordan 1 Retro High University Blue (TD),$205
Nike Terminator High Georgetown (2022),$86
Nike Air Max 1 PRM Duck Pecan Yellow Ochre,$123
Nike PG 6 What The,$127
Nike Epic Phantom React Flyknit Icon Clash Gunsmoke (W),$74
adidas Yeezy Boost 350 V2 MX Oat,$234
adidas Yeezy 500 Blush,$259
Jordan 3 Retro Cardinal (GS),$128
Nike Dunk Low Next Nature Pale Coral (W),$160
Jordan 6 Retro Red Oreo,$160
Nike React Phantom Run Flyknit 2 White Glacier Blue,$101
Nike M2K Tekno Cool White (W),$84
Jordan 1 Low Black Dark Powder Blue (W),$116
adidas Yeezy 450 Stone Flax,$179
Nike Dunk Low Grey Fog,$354
Jordan 5 Retro Moonlight (2021),$225
Nike Air Presto Hello Kitty (2022),$74
adidas Yeezy Foam RNR Desert Sand,$215
Jordan 1 Mid Banned (2020) (GS),$86
Nike Dunk Low Clear Blue Swoosh (GS),$106
adidas Yeezy Boost 350 V2 Mono Clay,$139
Nike Blazer Low Sacai Black Patent Leather,$65
Nike Dunk High 1985 Arctic Orange (W),$68
New Balance 990v6 MiUSA Grey,$175
Jordan 1 Low Marina Blue (W),$104
Jordan 1 Mid SE Coconut Milk Particle Grey,$140
Jordan 1 Mid Shadow Red (GS),$107
Nike Air Max Plus White,$108
Nike LeBron 18 Low Wile E. vs Roadrunner Space Jam,$95
adidas Forum Low Home Alone,$99
Nike Air Max 95 Triple Black (2020),$124
Nike Air Max 90 Leather Triple White (2020),$103
Jordan 1 Low Shadow,$202
New Balance CT302 White Nightwatch Green,$101
UGG Classic Mini Chestnut,$120
Nike Dunk Low Championship Goldenrod (2021),$131
Jordan 1 Retro High OG Seafoam (W),$228
Jordan 5 Retro Easter (2022),$150
adidas Yeezy Foam RNR MX Carbon,$240
Nike Air Max 1 Patta Waves White,$214
Air Jordan 1 Mid Taxi (GS),$83
Jordan 1 Mid Craft Inside Out Black,$122
UGG Neumel Boot Chestnut,$93
Jordan 5 Retro DJ Khaled We The Best Crimson Bliss (GS),$145
Jordan 1 Mid Ice Blue (PS),$82
Jordan 2 Retro OG Chicago (2022),$230
MSCHF Gobstomper Sour Edition,$233
adidas Yeezy Boost 700 V2 Static (2018/2022),$250
Jordan 3 Retro Racer Blue,$280
Jordan 1 Low Football Grey Aluminum (W),$120
New Balance 550 Au Lait (W),$158
Jordan 1 Mid Barely Rose (W),$120
Nike Dunk Low Essential Paisley Pack Barley (W),$123
Nike Air Max Plus atmos White Hyper Jade,$127
Air Jordan 1 Mid Taxi,$120
Nike Air Force 1 Low NOLA,$180
Nike Dunk High Fossil Stone (W),$135
Nike Air Force 1 Low 40th Anniversary Edition Bronx Origins,$99
Nike Dunk Low EMB NBA 75th Anniversary Chicago (GS),$90
Jordan 1 Retro Low Golf UNC,$143
Jordan 1 Mid SE Dark Chocolate,$165
Nike Dunk Low Chlorophyll (GS),$118
New Balance 550 White Grey Dark Grey,$113
Jordan 1 Low SE True Blue,$124
Jordan 11 Retro Jubilee (GS),$160
"Timberland 6"" Black Nubuck Premium",$113
Nike Dunk Low SE Sail Dark Marina Blue,$165
Nike Dunk Low Dark Beetroot,$106
Nike Kyrie Low 5 1 World 1 People Orchid,$97
New Balance 2002R Off White,$125
Jordan 13 Retro Brave Blue,$145
Jordan 4 Retro Shimmer (W),$315
Jordan 9 Retro Particle Grey,$169
Jordan 5 Retro Green Bean (2022) (GS),$97
Jordan 11 Retro Concord (2018),$428
Nike Air Max 2013 Stussy Fossil,$193
Nike Court Legacy Lift Pearl White Phantom (W),$114
New Balance 2002R Bone Light Aluminum,$114
Nike Lebron 20 Miami Heat,$160
Nike React Phantom Run Flyknit 2 Platinum Tint Dark Teal (W),$85
Jordan 12 Retro Eastside Golf Out of the Clay,$179
Puma LaMelo Ball MB.01 Lo Black White,$140
Under Armour Curry 10 Sour Patch Kids Sour Then Sweet,$139
Nike SB Dunk Low Pro Bart Simpson,$190
Nike Dunk Low SE Easter Candy (W),$160
Jordan 1 Low UNC (2021),$210
Nike LD Waffle SF sacai Fragment Blue Void,$198
Nike Air Force 1 Mid Stussy Fossil,$119
Nike Air Force 1 Low White Gum,$84
Nike Air Max 90 Terrascape Rattan Black,$95
Jordan 1 Mid Light Smoke Grey (GS),$170
Jordan 1 High Element Gore-Tex Light Curry,$145
Nike Air Max 1 PRM Dirty Denim,$76
Jordan 1 Mid Triple White (GS),$90
Nike SB Zooom Blazer Mid Edge Floral White Grey,$84
Nike SB Dunk Low Crushed D.C.,$156
Jordan 1 Retro High OG Stealth (GS),$102
Nike Dunk Low Black White (2022) (GS),$80
Nike Kyrie Infinity Mother Nature & Father Time,$106
Nike Kyrie Low 5 Nets,$93
Jordan 1 Mid SE Christmas,$102
Jordan 1 Zoom CMFT Black Light Smoke Grey,$164
Nike Dunk Low SE Barber Shop Grey,$140
adidas Yeezy Boost 350 V2 Carbon,$195
Jordan 1 Retro High Electro Orange,$173
Nike Blazer Low sacai White Patent Leather,$100
Jordan 1 Retro High Black Metallic Gold (2020),$184
New Balance 550 White Blue,$120
Nike SB Dunk High New York Mets,$113
Jordan 1 Mid Light Curry Cardinal,$128
Jordan 4 Retro White Oreo (2021) (GS),$387
adidas Yeezy Boost 700 V2 Vanta,$300
Nike React Phantom Run Flyknit 2 Black White Blend,$88
Nike Dunk Low Hyper Pink (W),$110
Jordan 1 Mid Banned (2020),$154
Jordan 1 Mid Carbon Fiber All-Star (2021),$175
Nike Dunk High Retro Cargo Khaki (2021),$107
Puma LaMelo Ball MB.01 Galaxy,$108
adidas Yeezy Boost 350 V2 Cream,$350
adidas Yeezy Boost 350 V2 Ash Pearl,$220
Nike SB Dunk Low Blue Raspberry,$256
Nike Dunk Low Reverse UNC (W),$147
Nike Dunk Low Triple Pink (TD),$78
Nike Dunk High 1985 Enamel Green Denim (W),$110
Jordan 12 Retro Black Taxi (GS),$127
Jordan 1 Low Green Toe (GS),$135
Nike Dunk Low Next Nature Sail (W),$150
Jordan 1 Mid White Black Racer Blue,$166
Jordan 1 Mid Tan Gum,$175
adidas Yeezy Slide Soot,$170
Nike SB Dunk Low Cherry,$182
Nike Dunk Low Snakeskin Washed Teal Bleached Coral,$118
Jordan 1 Mid Signal Blue,$158
Jordan 1 High Zoom Air CMFT Easter (W),$159
Jordan 4 Retro Bred (2019),$390
Air Jordan 1 Low Vintage Stealth Grey,$169
Converse Chuck Taylor All-Star 70 Ox Comme des Garcons PLAY Black,$112
Nike SB Dunk High Pro Premium San Francisco Giants,$120
Air Jordan 1 Mid Black Fire Red (GS),$95
Jordan 1 Low SE Sherpa Fleece (W),$124
Nike Dunk Low Clark Atlanta University,$147
New Balance 9060 Bodega Age of Discovery,$224
Jordan 6 Retro UNC White (GS),$107
Jordan 1 Retro Low Golf Chicago,$154
Jordan 1 Low Green Toe,$156
Nike Dunk Low Golden Gals Metallic Silver (W),$197
Nike SB Dunk Low Pro St. Patrick's Day (2022),$158
Nike Dunk Low Cider,$141
Nike Air Trainer 1 SP Travis Scott Wheat,$110
Jordan 1 Low Ashen Slate,$165
Hoka One One Anacapa Low Gore-Tex Black,$99
Nike Kobe 5 Protro Undefeated Hall of Fame,$310
Nike Kobe 6 Protro Grinch (2020),$500
Jordan 1 Mid Pinksicle Safety Orange (GS),$144
Nike Giannis Immortality White Clear,$63
New Balance 9060 Rain Cloud Grey,$132
Nike Dunk Low Retro PRM Mars Stone,$103
Nike LeBron 20 South Beast,$200
Jordan 11 Retro Crib Bootie Cherry (2022) (I),$72
New Balance 990v2 Salehe Bembury Sand Be The Time,$274
Nike Zoom Vomero 5 Oatmeal (W),$134
Nike Air Force 1 Low '07 QS Purple Skeleton Halloween (2021),$104
Nike SB Dunk Low Pro Paisley Brown,$175
Jordan 4 Retro Where the Wild Things Are (GS),$175
Nike Air Force 1 Mid White '07,$90
Converse Chuck Taylor All-Star 70 Ox Comme des Garcons PLAY White,$107
Nike Dunk Low SE Copy Paste,$82
Jordan 1 Mid Shadow (W),$117
Nike React Phantom Run Flyknit 2 Oreo (W),$83
Birkenstock Boston Soft Footbed Suede Taupe (Narrow Fit),$187
Crocs Mega Crush Clog SZA Denim,$99
Nike Dunk Low Georgetown,$258
Nike Dunk Low Essential Paisley Pack Worn Blue (W),$173
Nike Blazer Mid 77 Jumbo White Black,$68
Jordan 1 Low Light Madder Root (W),$122
adidas Adilette 22 Slides Black,$51
Jordan 1 Retro High Shadow 2.0 (GS),$182
Nike Dunk Low Orange Pearl (W),$188
Jordan 1 Low Bulls (GS),$93
Jordan 4 Retro Starfish (W),$142
Jordan 9 Retro Boot NRG Black Light Gum,$183
Nike Dunk Low Pink Foam Black (W),$218
Jordan 1 Mid Olive Toe (W),$143
adidas Ultra Boost DNA 5.0 Cloud White Black Sole,$85
Puma Suede Pokémon Squirtle,$79
New Balance 993 MiUSA Kith Pistachio,$293
Jordan 1 Low SE Light Smoke Grey Gym Red,$138
adidas Yeezy Slide Onyx (Kids),$89
Jordan 11 Retro Animal Instinct (W),$124
Jordan 1 Mid SE White Pine Green Smoke Grey (GS),$110
Nike Hot Step Air Terra Drake NOCTA White,$142
Jordan 1 Retro High Court Purple (W),$127
Nike Air VaporMax Plus White,$127
adidas Yeezy Boost 380 Onyx,$184
Nike Dunk Low White Pink (GS),$62
Jordan 1 Low Taxi,$124
Jordan 1 Low SE New Emerald,$124
New Balance 2002R Protection Pack Vintage Orange,$155
adidas Forum 84 Low Off White Brown,$138
Nike Kyrie Flytrap V Wolf Grey,$74
Nike Epic Phantom React Flyknit Black White,$78
Nike Air Force 1 High '07 SP Billie Eilish Sequoia,$94
Puma LaMelo Ball MB.02 Supernova,$102
Jordan 1 Low Reverse Black Toe (W),$86
Jordan Max Aura White Black,$72
UGG Classic Mini II Boot Grey (W),$88
UGG Classic Ultra Mini Platform Driftwood (W),$196
adidas Yeezy Slide Glow Green,$107
Nike Dunk Low Graffiti Pink,$114
Jordan 1 Retro High White University Blue Black (GS),$297
Nike Air Max 97 Triple Black,$138
Jordan 1 Elevate Low SE University Blue (W),$102
Jordan 1 Mid SE Sanddrift (W),$87
Nike Dunk Low NH Cacao Wow,$82
Jordan 1 Retro AJKO White Black Grey Fog,$104
Nike Air Max 97 Black White,$93
adidas Superstar Hello Kitty (W),$103
Air Jordan 1 Mid Neutral Grey,$105
Nike Dunk High Tan Suede White,$126
UGG Tasman Slipper Pink Rose (W),$199
Nike Air Max 1 PRM Duck Honey Dew,$149
Jordan 1 Low Black University Blue White (W),$133
Jordan 1 Low Triple White Tumbled Leather,$109
Jordan 2 Retro SP Union Grey Fog,$142
Jordan 1 Mid SE Brown Basalt Oatmeal (W),$185
Jordan 6 Retro Electric Green,$206
Nike Air Force 1 Low VD Valentine's Day (2022) (W),$141
Nike Dunk Low Retro Sun Club Multi (W),$119
adidas Forum Powerphase Bad Bunny Benito,$175
Jordan 1 Retro High COJP Midnight Navy (2020),$245
adidas Yeezy Boost 700 Hi-Res Blue,$304
adidas Forum Buckle Low Bad Bunny Blue Tint,$266
Nike Blazer Mid LX White Pendants (W),$65
Nike Dunk Low Championship Red (2021) (GS),$121
Alexander McQueen Oversized Ivory Black,$398
Jordan 7 Retro Citrus (2022) (GS),$99
Jordan 1 Low New Emerald (W),$104
Nike Lunar Force 1 Duckboot Black Gum,$157
New Balance 9060 Workwear,$148
Jordan 1 Elevate Low Coconut Milk (W),$149
A Bathing Ape Bape Sta Marvel Comics Venom,$322
Nike Dunk Low Next Nature White Light Orewood Brown (W),$278
Jordan 5 Retro Jade Horizon,$150
Jordan 1 Mid SE Grey Green,$171
adidas Yeezy Boost 350 Turtledove (2022),$260
Nike Dunk Low Retro Sun Club Wheat Grass Orange,$121
Nike Dunk Low SP Undefeated 5 On It Black,$142
Jordan 6 Retro Travis Scott British Khaki,$279
New Balance 550 White Mint Green,$130
Nike Dunk Low Ocean (W),$136
Nike Air Force 1 Low LX UV Reactive (W),$163
Jordan 5 Retro Off-White Sail,$360
Jordan 1 High Element Gore-Tex Berry,$140
New Balance 990v5 Grey (GS),$80
Jordan 1 Retro AJKO Rush Orange,$82
Nike Air Max Terrascape Plus Black Lime,$101
Jordan 1 Elevate Low SE Silver Toe (W),$90
adidas Samba Pharrell Humanrace White,$121
Nike Air Max 1 SP Concepts Mellow,$133
Nike Vaporwaffle sacai Black Gum,$246
Nike Blazer Low Off-White University Red,$100
Jordan 1 Mid Gym Red Black White,$110
Jordan 1 Retro High OG Prototype,$150
Nike Dunk High Light Chocolate,$165
Nike Air Humara LX Jacquemus Light Bone Gold (W),$185
adidas Yeezy 500 Granite,$290
Jordan 1 Retro Low OG Mystic Navy,$111
adidas Ultra Boost 4.0 DNA Triple Black,$84
Jordan 1 Retro High White Black Volt University Gold,$116
Jordan 1 Low Mocha (GS),$156
Jordan 1 Low Cardinal Red,$115
Nike Dunk High Next Nature Toasty Rattan,$119
Nike Dunk Low Essential Paisley Pack Green (W),$177
Jordan 12 Retro Stealth (GS),$102
Jordan 1 Mid SE Particle Grey (W),$144
New Balance 530 White Black Details,$76
UGG Classic Short II Boot Chestnut (W),$109
Nike Dunk High Aluminum (GS),$84
Jordan 12 Retro Black Taxi (PS),$81
adidas NMD S1 Philllllthy Ambient Sky,$170
Nike Dunk Low Retro Rattan Gorge Green,$123
Nike Blazer Low Off-White Black Electro Green,$99
Nike SB Dunk High Pro froSkate All Love,$144
Jordan 1 Mid Hyper Royal Tumbled Leather,$145
Jordan 1 Low Fragment x Travis Scott,"$1,118"
Nike Dunk Low Jackie Robinson,$291
Nike Dunk Low Green Glow (W),$199
Jordan 1 Low Wolf Grey (W),$310
Jordan 1 Mid SE Pastel Vivid Green Grind (GS),$108
Jordan 1 Low Tie-Dye,$107
Nike Dunk Low Valentine's Day (2022) (W),$128
Jordan 1 Mid Metallic Gold Black White,$102
Nike Dunk Low Essential Paisley Pack Black (W),$190
Nike SB Dunk Low Pro Parra Abstract Art (2021),$283
Nike Air Trainer 1 Utility SP Light Smoke Grey Honeydew Particle Grey,$98
Jordan 1 Retro Low Golf Shattered Backboard,$125
New Balance 2002R Protection Pack Sea Salt,$180
Nike Air Force 1 Low Black (W),$103
Jordan 1 Retro High Light Smoke Grey (GS),$142
Nike Dunk High Lakers,$85
adidas Yeezy Boost 700 MNVN Laceless Analog,$172
Converse Chuck Taylor All-Star 70 Hi Stussy 8-Ball,$118
Jordan 1 Low White Toe,$76
New Balance 550 Pink Sand Sea Salt (W),$109
Nike Dunk Low Dark Marina Blue,$158
adidas Yeezy 500 Clay Brown,$227
Jordan 13 Retro Del Sol,$153
Nike SB Dunk Low Mummy,$260
Nike Dunk Low Pink Velvet (GS),$220
Jordan 3 Retro Patchwork Camo,$165
Nike Dunk Low SE Sail Multi-Camo,$207
Jordan 1 Retro High Pine Green Black,$256
New Balance 2002R Protection Pack Phantom,$251
Jordan 4 Retro SP 30th Anniversary Union Desert Moss,$218
New Balance 550 Sea Salt Yellow,$98
New Balance 550 Sea Salt Macadamia Nut (W),$177
Jordan 3 Retro Fire Red (2022) (PS),$64
Jordan 1 Retro Low OG Black Dark Powder Blue (GS),$82
Nike Air Max 97 OG Silver Bullet (2022) (W),$109
Nike Air Max 90 Futura Tan (W),$147
Nike Air Max 1 Burgundy Crush (W),$136
A Bathing Ape Bape Sta Marvel Comics Spider-Man,$288
adidas Yeezy Foam RNNR Vermillion,$177
adidas Yeezy Boost 700 MNVN Geode,$220
Nike Dunk Low Retro Next Nature Sequoia,$101
Jordan 1 Low Coconut Milk (W),$152
Nike Dunk High Syracuse (2021),$155
Puma LaMelo Ball MB.01 Be You,$150
Nike Dunk Low Union Passport Pack Court Purple,$200
Jordan 1 Retro High Tokyo Bio Hack,$230
adidas Yeezy Boost 350 V2 Black (Non-Reflective),$380
Nike Dunk Low Sail Light Bone (W),$264
adidas Yeezy 700 V3 Clay Brown,$231
Nike Air Force 1 High White,$95
Jordan 1 Low Court Purple White,$185
Nike Dunk Low Retro Medium Grey Varsity Red UNLV (2021),$200
Jordan 1 Mid UNC (W),$149
Jordan 1 Mid Mystic Navy Mint Foam (GS),$120
Nike Dunk Low SE 85 Neptune Green (W),$123
Jordan 4 Retro Off-White Sail (W),"$1,178"
adidas Ultra Boost 5.0 DNA Triple Black,$92
Hoka One One Clifton 8 Eggnog Shifting Sand (W),$192
adidas Yeezy Slide Pure (First Release),$171
Jordan 1 Mid Wolf Grey Aluminum (W),$201
adidas Yeezy Boost 350 V2 Sand Taupe,$250
Nike Dunk High Next Nature Summit White (W),$94
Jordan 5 Retro What The,$207
Nike Dunk Low Two-Toned Grey (PS),$80
Jordan 1 Retro High NC to Chi Leather (W),$133
Jordan 1 Retro High OG University Blue (PS),$213
Nike Air Force 1 Low '07 QS Valentine's Day Love Letter,$147
Jordan 1 Mid SE Rush Orange Crimson Bliss (W),$73
New Balance 2002R Protection Pack Distressed,$125
Nike Dunk High Chocolate,$112
Reebok Club C 85 TV Chalk Glen Green,$76
Jordan 1 Low Triple White (2022),$120
New Balance 993 Joe Freshgoods Performance Art Arctic Blue,$205
Nike Air Max 95 Fish Scales,$117
Jordan 11 Retro Midnight Navy (PS),$83
Nike Air Force 1 Low '07 Retro Color of the Month University Blue,$92
UGG Neumel Platform Chelsea Boot Chestnut (W),$176
Nike Air Force 1 Low '07 LV8 Pearl White Sesame,$107
Nike Dunk Low Disrupt 2 Pale Ivory Black (W),$261
Jordan 1 Mid Barcelona Sweater Red Patent,$128
Nike Dunk Low Championship Red (2021),$190
Nike Air Max 1 Patta Waves Noise Aqua (with Bracelet),$189
adidas Yeezy 700 V3 Mono Safflower,$200
Nike Air Trainer 1 SP Travis Scott Grey Haze,$78
Jordan 1 Retro High Lucky Green (W),$204
Jordan 1 Low Reverse Bred,$114
Nike Air Force 1 Low Carabiner Swoosh Red,$108
Jordan 1 Mid Dark Iris,$159
Nike Go FlyEase Black Gum,$92
Jordan 14 Retro Light Ginger (2022),$141
Jordan 3 Retro Georgetown (2021),$253
Nike Dunk Low Patent Halloween (W),$115
Jordan 1 Mid Valentine's Day (2022) (W),$113
Jordan 1 Retro High Dark Mocha (GS),$402
Jordan Luka 1 Black Signal Blue,$99
Nike Dunk Low On the Bright Side (W),$170
Jordan 1 Low New Emerald (GS),$92
Nike Dunk Low Cartoon,$148
Nike Blazer Mid 77 Premium Certified Fresh,$72
Nike Air Max 1 Gorge Green (W),$88
Nike Air Max Plus Black Silver White,$136
Nike PG 6 Paulette,$120
UGG Classic Ultra Mini Boot Grey (W),$117
New Balance 574 Nimbus Cloud Peach Glaze (W),$95
Nike Dunk High Reverse Goldenrod,$102
Nike Dunk High Burgundy Crush (W),$110
Nike Zoom Vomero 5 Cobblestone Flat Pewter (W),$139
Puma LaMelo Ball MB.01 Rick and Morty,$447
Jordan 11 Retro Cool Grey (2021) (PS),$110
adidas Yeezy 450 Dark Slate,$233
adidas Yeezy 450 Resin,$137
adidas Adilette 22 Slides St Desert Sand,$40
adidas Yeezy 450 Cinder,$157
Nike Kobe 6 Protro Mambacita Sweet 16,$490
Jordan 13 Retro Gym Red Flint Grey,$180
Jordan 1 Retro High OG Bordeaux (GS),$133
Jordan 3 Retro Cool Grey (2021),$245
Jordan 11 Retro Low 72-10 (GS),$125
Nike LD Waffle sacai Undercover Night Maroon Team Royal,$150
Nike Dunk High Championship White Red (GS),$102
Jordan 1 Retro High Satin Snake Chicago (W),$153
Nike Dunk Low Undefeated 5 On It Dunk vs. AF1,$121
Jordan 1 Mid Metallic Gold Black White (GS),$103
Jordan 2 Retro SP Maison Chateau Rouge,$160
Jordan 1 Mid Paint Drip (GS),$125
Jordan 1 High Zoom Air CMFT Pink Oxford (W),$117
Nike PG 6 Fluoro,$110
Jordan 1 Retro High Obsidian UNC,$304
Jordan 1 Low SE Light Olive (W),$165
Jordan 1 Low Stealth French Blue (W),$110
Jordan 2 Retro Low Two 18,$118
adidas Samba Classic Black White Dark Gum,$54
Nike Dunk Low Chenille Swoosh Sail Grand Purple,$125
New Balance 550 White Natural Indigo Burgundy,$102
New Balance 550 White Gum,$119
Nike Air Force 1 Low Multi-Swoosh Black Orange,$149
adidas Samba OG Sporty & Rich White Green,$184
Puma LaMelo Ball MB.02 Rookie Of The Year,$128
Jordan 12 Retro Low Golf Cherry,$230
Nike Dunk Low EMB NBA 75th Anniversary Brooklyn Nets,$154
Air Jordan 1 Mid SE Purple Velvet (W),$93
Puma LaMelo Ball MB.02 Rookie Of The Year,$128
Jordan 12 Retro Low Golf Cherry,$230
Nike Dunk Low EMB NBA 75th Anniversary Brooklyn Nets,$154
Jordan 1 Low Starfish,$137
Jordan 3 Retro Pine Green (GS),$185
Nike Air Force 1 Mid Stussy Light Bone Black,$135
Jordan 2 Retro A Ma Maniére Airness,$159
Nike Air Max 1 Kasina Won-Ang Orange,$135
adidas Yeezy 700 V3 Kyanite,$206
Jordan 1 Retro High OG Heritage (GS),$99
adidas Yeezy Boost 350 V2 Mono Mist,$159
Common Projects Original Achilles White,$235
Jordan 1 Mid Chicago Toe,$160
Nike LeBron 19 Tune Squad,$110
Jordan 1 Low Black Grey Pink (GS),$98
Jordan 1 Mid Light Smoke Grey (2022) (PS),$82
Nike Dunk Low LX Lisa Leslie (W),$82
Jordan 1 Mid White Gold Black (GS),$103
Nike Air Force 1 Low Pixel White (W),$98
Jordan 4 Retro Lightning (2021) (PS),$88
Nike React Phantom Run Flyknit 2 White Black,$105
Nike Air Force 1 Low Luxe Summit White Light Bone,$110
Nike Air Max 270 Black White (W),$93
New Balance 550 Aura Purple (W),$98
adidas Handball Spezial Black Gum,$91
Jordan 1 Mid Wear-Away Chicago,$120
Nike Air Max Plus OG Scarab (2022),$114
adidas Sambarose White Black Gum (W),$77
Jordan 3 Retro Fire Red (2022) (TD),$54
UGG Bailey Bow II Boot Chestnut (W),$138
Nike Air Force 1 Low Multi-Swoosh Black Orange,$149
New Balance 2002R Kith Pistachio,$165
Nike KD 15 Brooklyn Courts,$150
Nike Dunk Low PRM Halloween (2021),$175
Jordan 12 Retro Playoffs (2022) (GS),$112
Jordan 1 Retro High 85 Georgetown,$225
Jordan 1 Retro High OG Brotherhood (GS),$99
Jordan 1 Mid Kentucky Blue (W),$134
adidas Yeezy 700 V3 Copper Fade,$180
Nike Air Humara LX Jacquemus Ale Brown Gold (W),$130
Nike Air Force 1 Shadow Triple White (W),$87
Nike Dunk High Fragment Beijing (2021),$87
Jordan 1 Mid SE All-Star Carbon Fiber (2021) (GS),$205
Nike Air Max 270 Triple Black,$115
Jordan 1 Retro High Light Army Rust Shadow Patina,$133
Jordan 1 Mid Signal Blue (GS),$124
Jordan 1 Low Reverse Bred (GS),$70
Nike SB Dunk High Pineapple,$135
Jordan 1 Mid White Black Light Arctic Pink (GS),$193
Jordan 1 Low OG Bleached Coral (GS),$140
Jordan 11 Retro Playoffs Bred (2019) (GS),$201
New Balance 2002R Black Dark Grey,$159
Jordan 3 Retro Black Cement (2018),$450
Jordan 5 Retro SE Oregon,$210
Nike Dunk Low White Wolf Grey University Red (GS),$117
New Balance 327 Sea Salt Black,$58
Converse Chuck Taylor All-Star 70 Hi Comme des Garcons PLAY Blue,$90
Jordan 12 Retro Hyper Royal (W),$108
Nike Dunk Low Safari Golden Moss,$89
Jordan 1 Mid SE French Blue Light Steel (GS),$120
Nike React Phantom Run Flyknit 2 Sail Light Bone,$70
Jordan 9 Retro Boot Military Brown,$150
Crocs Echo Clog Stucco,$55
Nike Air Max 98 TL Supreme Black,$199
Air Jordan 1 Mid SE Purple Velvet (W),$93
Air Jordan 1 Low SE Pink Velvet (W),$100
OFF-WHITE Vulc Low Canvas White Black (W) (SS22),$175
adidas Yeezy 350 V2 Granite,$254
UGG Classic Mini Platform Boot Black (W),$160
Nike Air Max 1 SP Concepts Heavy,$122
Jordan 4 Retro Golf Bred,$195
Nike Dunk Low Union Passport Pack Pistachio,$262
Jordan 12 Retro Low Golf Taxi,$132
Jordan 1 Mid SE Siempre Familia,$109
Jordan 1 Low OG Neutral Grey (2021),$210
Nike Dunk High Retro Laser Blue,$135
Nike Air Trainer 1 SP Dark Smoke Grey,$103
Nike Air Max Penny 1 Orlando (2022),$110
Nike SB Dunk Low Pro Be True,$124
Nike Air Max 97 Black White Anthricite,$115
Nike Zoom Freak 3 NRG Uno Face It,$88
Nike Air Force 1 Indigo (W),$117
Jordan 5 Retro Dark Concord (GS),$92
Jordan 1 Low Easter Pastel Tie-Dye (GS),$104
Jordan 3 Retro UNC (2020),$420
Nike Air Max 90 Recraft Triple Black,$88
Nike Dunk Low Clear Aqua (PS),$79
Nike Dunk High SE World Champs,$129
Nike Air Zoom Flight 95 True Red,$95
New Balance 9060 Brown Black,$125
A Bathing Ape Bape SK8 Sta Green Grey,$243
Nike SB Dunk High Soulgoods Olive,$133
Jordan 4 Retro Midnight Navy (TD),$59
Nike Kyrie Infinity Smoke And Mirrors,$87
Nike Dunk High 1985 Blue Denim,$110
Nike Terminator High Cocoa Snake (2022),$100
Reebok Club C Geo Mid White Dark Green (W),$106
Jordan 1 Mid SE Seahawks (W),$136
adidas Forum 84 Low Home Alone 2,$97
New Balance CT302 Rain Cloud Moonbeam,$107
adidas Crazy 1 Sunshine (2022),$116
Nike Dunk Low Crazy Camo,$162
Nike Dunk Low Next Nature White Gym Red (W),$239
Jordan 12 Retro Royalty Taxi (GS),$126
adidas Yeezy Desert Boot Rock,$220
Nike Dunk Low SE Next Nature Rift Blue,$160
Nike LD Waffle SF sacai Fragment Grey,$290
Nike Blazer Low 77 Vintage White Black,$67
Nike Air Force 1 High '07 SP Billie Eilish Mushroom,$115
Jordan 9 Retro Chile Red (GS),$122
Nike Dunk Low Vintage Green (W),$309
Nike Dunk High Aluminum (W),$215
Nike Air Max 270 Black White,$111
Nike Air Max 90 NRG Bacon (2021),$135
Nike Kyrie 4 Low Bright Crimson Aquatone,$154
Puma LaMelo Ball MB.01 Lo UFO,$122
Jordan 1 Mid SE Coconut Milk Particle Grey (GS),$107
Jordan 1 Mid Metallic Orange,$102
Jordan 1 Low Triple Black,$109
